{"construction":"base sequences BS(84,83)","search":"agent_bgpu PSD seed audit","solved":false,"independently_recomputed":true,"residual_mod4_exact":true,"energy":1536,"l1":264,"nonzero":54,"parity_bad":0,"elapsed_s":0.0,"proposals":0,"generation":0,"row_sums":[4,10,13,7],"row_norm":334,"row_magnitude_type":[4,10,7,13],"alternating_sums":[0,10,3,-15],"alternating_norm":334,"z4_components":[4,4,4,-2,10,1,-10,-9],"z4_norm":334,"cubic_components":[[-2,2,4],[6,6,-2],[12,0,1],[-6,6,7]],"order3_value":382,"quintic_components":[[-3,1,1,-1,6],[-1,5,1,7,-2],[5,9,-3,2,0],[-1,-5,3,2,8]],"order5_values":[366,-24],"fourier_exact":true,"spectral_3_5_exact":false,"sequence_sha256":"46d37bc8015419b024e44dd915fce28114805866c4cd2ad0cb6b51f32114c301","residual":[0,0,0,4,4,4,-4,4,0,0,-16,8,-8,-4,-4,-4,0,4,-4,0,4,0,8,-4,8,-4,0,-4,-4,0,4,4,-4,0,0,0,4,-4,0,4,4,0,-4,-4,-4,4,-4,4,0,4,8,4,4,4,0,0,4,8,4,-8,4,0,4,-4,4,0,0,-4,0,0,-4,0,-4,-8,0,0,-4,-8,-4,0,4,0,0],"sequences":[[-1,-1,1,-1,1,-1,-1,-1,-1,1,-1,-1,1,1,1,-1,-1,1,-1,1,-1,-1,1,1,1,1,1,1,1,-1,1,-1,-1,1,1,-1,1,-1,-1,-1,1,1,1,1,1,-1,1,-1,-1,-1,-1,-1,-1,1,-1,1,1,-1,-1,1,1,1,-1,-1,-1,1,-1,1,-1,1,-1,1,1,-1,1,-1,1,1,1,1,1,1,-1,1],[1,1,1,1,-1,1,1,-1,1,-1,1,-1,-1,1,1,-1,-1,-1,1,-1,1,1,1,1,1,-1,1,1,1,-1,-1,-1,1,1,1,-1,1,1,-1,-1,1,-1,-1,1,1,-1,-1,-1,-1,-1,-1,1,-1,-1,-1,1,1,-1,1,1,1,1,1,1,1,-1,1,1,-1,1,-1,-1,1,1,-1,1,1,-1,-1,-1,-1,1,1,1],[1,1,-1,1,1,-1,1,-1,1,1,-1,1,-1,-1,1,1,1,-1,1,-1,-1,1,1,1,-1,1,-1,1,1,1,1,1,1,1,1,-1,1,-1,-1,1,1,1,-1,1,-1,1,-1,-1,-1,1,1,1,1,1,1,1,1,-1,-1,-1,1,-1,1,-1,-1,-1,1,-1,1,-1,-1,-1,1,-1,-1,1,1,1,-1,-1,1,1,-1],[-1,-1,-1,-1,1,-1,-1,-1,-1,1,1,1,-1,1,1,-1,-1,1,1,1,-1,-1,1,1,-1,-1,1,1,1,1,-1,1,-1,-1,1,1,-1,1,1,1,1,-1,-1,1,1,-1,1,1,-1,-1,-1,1,-1,1,1,1,-1,1,-1,-1,1,1,1,1,-1,1,-1,1,1,1,-1,-1,-1,-1,1,1,-1,1,-1,1,1,-1,1]],"psd_grid_order":167,"psd_cap":334.0,"psd_max":281.53385864365805,"psd_max_by_sequence":[259.14286334986815,281.53385864365805,199.1722346348397,250.91846865423867],"psd_cap_violations":0,"psd_excess_l2":0.0}
