{"construction":"cyclic Goethals-Seidel order 167, two Paley rows","search":"agent PSD-cap-aware two-block population annealing","tag":"canonical","solved":false,"independently_recomputed":true,"energy":1664,"l1":272,"nonzero":53,"maxabs":12,"row_sums":[21,15,1,1],"psd_over_count":9,"psd_max_overshoot":91.50879820528189,"psd_overshoot_sq":23217.948325939236,"residual":[-4,4,0,-4,-8,0,-4,-12,0,4,4,0,4,-8,4,0,12,0,-4,0,0,-4,4,0,0,-4,-4,-4,4,4,0,4,4,0,-8,4,0,-4,0,4,-4,4,-4,4,-8,4,0,-4,0,0,-4,0,0,-4,-4,8,0,0,4,0,12,4,-8,4,-4,4,8,4,0,0,0,4,8,-4,0,-8,0,0,-4,4,0,-4,0],"elapsed_s":300.81335616111755,"samples":122314752,"cycles":3,"sequences":[[1,1,1,-1,1,1,-1,1,1,1,1,1,-1,-1,1,1,1,1,-1,1,1,-1,1,-1,-1,-1,-1,-1,-1,-1,1,1,1,1,1,-1,1,1,-1,-1,1,-1,1,1,-1,1,-1,-1,-1,1,1,-1,1,1,1,1,-1,-1,-1,1,1,-1,1,-1,1,1,-1,1,1,-1,-1,1,-1,1,-1,1,-1,1,1,-1,-1,-1,-1,1,-1,-1,-1,-1,-1,1,-1,1,1,1,-1,1,-1,1,1,-1,1,1,1,-1,1,-1,-1,1,-1,1,-1,1,-1,-1,1,1,1,-1,1,-1,1,1,1,-1,-1,-1,1,1,1,1,1,1,1,1,1,1,-1,1,1,1,-1,-1,-1,1,-1,-1,1,1,1,-1,-1,1,-1,-1,1,1,-1,1,1,1,-1,-1,1,1,-1,1,-1],[1,1,-1,1,-1,-1,-1,1,-1,1,1,1,1,-1,1,-1,1,1,-1,-1,1,1,-1,-1,1,-1,-1,1,-1,-1,1,1,1,1,1,-1,-1,-1,-1,1,-1,1,-1,1,1,1,1,1,-1,-1,-1,1,-1,-1,1,-1,-1,-1,1,1,1,-1,-1,-1,-1,-1,1,-1,1,1,1,-1,1,1,1,1,1,1,-1,1,1,-1,-1,1,1,1,1,-1,-1,1,1,1,1,1,1,1,1,-1,1,-1,1,1,1,-1,-1,-1,1,1,1,-1,1,1,-1,-1,-1,-1,1,-1,1,-1,1,1,-1,1,-1,1,1,-1,-1,1,-1,-1,-1,1,-1,-1,-1,1,1,-1,1,1,1,-1,1,-1,1,1,1,1,-1,-1,-1,-1,1,1,-1,1,-1,-1,1,-1,1,-1,-1,1,1],[1,1,1,1,1,-1,1,1,1,1,-1,1,1,-1,1,-1,1,-1,1,1,-1,1,1,-1,1,1,-1,1,1,1,-1,1,1,1,-1,-1,1,-1,1,-1,-1,-1,1,-1,1,-1,-1,1,1,1,1,-1,-1,-1,1,-1,1,1,1,-1,-1,1,1,1,1,1,1,-1,-1,-1,-1,-1,1,-1,-1,1,1,1,-1,-1,-1,1,-1,-1,1,1,-1,1,1,1,-1,-1,-1,1,1,-1,1,1,1,1,1,-1,-1,-1,-1,-1,-1,1,1,-1,-1,-1,1,-1,1,1,1,-1,-1,-1,-1,1,1,-1,1,-1,1,1,1,-1,1,-1,1,1,-1,-1,-1,1,-1,-1,-1,1,-1,-1,1,-1,-1,1,-1,-1,1,-1,1,-1,1,-1,-1,1,-1,-1,-1,-1,1,-1,-1,-1,-1],[1,1,1,1,1,-1,1,1,1,1,-1,1,1,-1,1,-1,1,-1,1,1,-1,1,1,-1,1,1,-1,1,1,1,-1,1,1,1,-1,-1,1,-1,1,-1,-1,-1,1,-1,1,-1,-1,1,1,1,1,-1,-1,-1,1,-1,1,1,1,-1,-1,1,1,1,1,1,1,-1,-1,-1,-1,-1,1,-1,-1,1,1,1,-1,-1,-1,1,-1,-1,1,1,-1,1,1,1,-1,-1,-1,1,1,-1,1,1,1,1,1,-1,-1,-1,-1,-1,-1,1,1,-1,-1,-1,1,-1,1,1,1,-1,-1,-1,-1,1,1,-1,1,-1,1,1,1,-1,1,-1,1,1,-1,-1,-1,1,-1,-1,-1,1,-1,-1,1,-1,-1,1,-1,-1,1,-1,1,-1,1,-1,-1,1,-1,-1,-1,-1,1,-1,-1,-1,-1]]}
