{"construction":"base sequences BS(84,83)","search":"agent_bgpu exact-Fourier PSD-cap class archive","solved":false,"independently_recomputed":true,"residual_mod4_exact":true,"energy":1920,"l1":296,"nonzero":54,"parity_bad":0,"elapsed_s":0.3372929096221924,"proposals":24576,"generation":32,"row_sums":[6,0,3,17],"row_norm":334,"row_magnitude_type":[0,6,3,17],"alternating_sums":[-10,8,-11,7],"alternating_norm":334,"z4_components":[-4,-6,-6,-2,10,-9,6,5],"z4_norm":334,"cubic_components":[[2,6,-2],[-6,2,4],[4,-4,3],[0,12,5]],"order3_value":298,"quintic_components":[[7,3,-1,-3,0],[1,1,1,-3,0],[1,3,-7,4,2],[5,-3,1,4,10]],"order5_values":[250,108],"fourier_exact":true,"spectral_3_5_exact":false,"sequence_sha256":"f034c62c26b6c1c6ea721c64fc4f0d409d54ea07e9bda6634c145af486a197f1","residual":[-4,-4,8,0,4,0,0,-4,0,-12,0,-8,4,12,-8,4,-8,4,0,4,0,-8,-4,0,-4,0,-8,-8,4,0,4,-4,-8,0,-4,4,4,4,8,12,0,4,-8,0,-8,-4,-4,0,8,4,4,-4,4,0,0,8,0,0,8,-4,0,0,4,0,4,0,-4,4,4,4,0,-4,0,-4,0,4,0,-4,0,-4,0,4,0],"sequences":[[1,1,1,-1,-1,1,-1,1,-1,-1,1,-1,1,1,-1,1,-1,-1,1,1,-1,1,1,-1,1,1,1,-1,-1,-1,1,1,1,1,-1,1,-1,-1,-1,1,1,1,1,1,1,1,1,1,-1,1,1,1,-1,-1,1,1,-1,-1,-1,-1,-1,-1,-1,1,1,-1,-1,-1,1,-1,1,1,-1,-1,-1,-1,1,1,-1,1,-1,1,-1,1],[1,-1,1,-1,-1,-1,1,-1,1,-1,1,-1,-1,-1,1,-1,1,1,-1,1,1,-1,1,-1,1,1,1,1,1,1,-1,1,1,1,-1,1,-1,-1,1,-1,1,-1,-1,1,-1,-1,1,1,-1,1,1,1,-1,1,-1,-1,1,-1,-1,-1,-1,-1,1,-1,1,1,1,1,-1,1,-1,-1,-1,-1,-1,1,-1,-1,1,1,-1,1,1,-1],[-1,1,-1,1,-1,1,1,-1,1,-1,-1,-1,-1,1,1,1,1,-1,-1,-1,1,1,-1,1,1,-1,-1,1,1,-1,-1,1,1,-1,-1,1,1,-1,-1,1,-1,1,-1,-1,-1,1,-1,-1,-1,-1,-1,1,1,-1,1,1,-1,1,1,1,-1,-1,1,1,1,1,-1,-1,1,1,-1,1,-1,1,1,1,1,-1,1,1,1,-1,-1],[-1,-1,-1,1,1,1,1,1,1,-1,1,1,1,1,-1,-1,1,-1,-1,1,1,1,1,1,1,1,-1,-1,-1,1,-1,-1,-1,1,1,-1,-1,-1,1,1,1,-1,1,-1,1,1,1,1,1,1,1,-1,1,1,-1,-1,-1,-1,1,1,1,-1,1,-1,1,1,-1,1,-1,1,1,-1,1,1,1,-1,1,-1,-1,1,1,1,-1]],"psd_grid_order":167,"psd_cap":334.0,"psd_max":290.7377942299581,"psd_max_by_sequence":[289.33152867894444,290.7377942299581,255.4880538634234,289.0],"psd_cap_violations":0,"psd_excess_l2":0.0}
