{"construction":"base sequences BS(84,83)","search":"agent_bgpu exact-Fourier PSD-cap class archive","solved":false,"independently_recomputed":true,"residual_mod4_exact":true,"energy":2112,"l1":320,"nonzero":58,"parity_bad":0,"elapsed_s":0.3813302516937256,"proposals":262144,"generation":32,"row_sums":[-4,2,-5,-17],"row_norm":334,"row_magnitude_type":[2,4,5,17],"alternating_sums":[8,10,-7,-11],"alternating_norm":334,"z4_components":[0,-4,-4,-14,-4,5,-4,-7],"z4_norm":334,"cubic_components":[[-6,-2,4],[2,6,-6],[0,-8,3],[-10,-6,-1]],"order3_value":346,"quintic_components":[[5,1,-3,-3,-4],[-1,5,-3,1,0],[-1,3,-7,0,0],[-1,-5,-3,-8,0]],"order5_values":[254,-40],"fourier_exact":true,"spectral_3_5_exact":false,"sequence_sha256":"841a0422aac988c852a59ca87f144d5ab2efa3e4ee9c76fd572046ed07382ac4","residual":[4,8,8,4,-4,0,4,12,-4,-4,12,0,8,4,-8,12,8,4,-4,-4,4,0,-8,0,-4,-4,0,-4,-8,-4,4,0,4,0,4,0,0,8,4,-8,4,4,8,-4,0,4,-4,4,-12,-4,4,0,4,-8,0,0,0,-8,-4,0,0,0,-4,-4,-4,-8,-4,-4,0,4,-4,0,0,4,0,0,-8,4,0,-4,0,-4,0],"sequences":[[1,-1,-1,-1,1,1,1,1,1,1,1,1,-1,-1,1,-1,1,1,1,1,1,-1,1,1,-1,1,1,-1,-1,-1,1,1,-1,1,-1,1,1,-1,-1,-1,-1,-1,-1,-1,1,-1,1,1,-1,-1,1,-1,1,1,-1,1,-1,1,-1,-1,1,-1,-1,-1,-1,-1,-1,1,-1,-1,-1,-1,-1,-1,1,-1,1,-1,1,-1,1,1,-1,1],[1,1,-1,1,-1,-1,1,1,-1,1,1,1,-1,1,1,-1,-1,-1,1,-1,-1,1,1,1,1,-1,-1,1,1,-1,-1,1,1,1,-1,1,-1,-1,-1,-1,1,-1,-1,1,1,-1,1,-1,-1,-1,1,1,1,-1,-1,-1,1,-1,1,1,1,-1,1,1,1,-1,1,-1,-1,-1,1,-1,-1,-1,1,1,1,-1,-1,1,-1,1,1,-1],[1,1,1,1,-1,1,1,-1,-1,1,1,-1,-1,-1,-1,1,-1,1,1,1,1,1,-1,-1,-1,-1,1,-1,-1,1,-1,-1,1,1,1,-1,1,-1,1,-1,-1,1,-1,1,-1,1,-1,1,-1,-1,-1,1,-1,1,1,-1,-1,-1,1,-1,-1,1,-1,1,1,1,-1,-1,-1,-1,-1,1,1,-1,1,-1,1,-1,-1,1,1,-1,-1],[-1,-1,1,1,-1,-1,-1,1,-1,1,-1,-1,-1,-1,-1,1,-1,-1,-1,-1,1,-1,-1,1,-1,1,-1,-1,-1,-1,-1,1,-1,-1,1,1,1,1,-1,-1,1,1,1,1,1,-1,-1,-1,-1,1,1,-1,-1,-1,1,-1,1,1,1,1,-1,-1,-1,-1,-1,-1,-1,-1,-1,-1,-1,1,-1,-1,1,1,-1,1,-1,1,1,1,1]],"psd_grid_order":167,"psd_cap":334.0,"psd_max":322.8323525629485,"psd_max_by_sequence":[322.8323525629485,290.57458503893946,288.2354337902373,314.2009692538553],"psd_cap_violations":0,"psd_excess_l2":0.0}
