{"construction":"base sequences BS(84,83)","search":"agent_bgpu PSD seed audit","solved":false,"independently_recomputed":true,"residual_mod4_exact":true,"energy":2144,"l1":304,"nonzero":52,"parity_bad":0,"elapsed_s":0.0,"proposals":0,"generation":0,"row_sums":[-10,8,-1,13],"row_norm":334,"row_magnitude_type":[8,10,1,13],"alternating_sums":[-6,8,-3,15],"alternating_norm":334,"z4_components":[-6,4,6,-10,0,-11,-4,3],"z4_norm":334,"cubic_components":[[-4,0,-6],[-6,4,10],[2,-2,-1],[8,0,5]],"order3_value":286,"quintic_components":[[-5,5,-7,-7,4],[-1,1,1,7,0],[-1,-3,3,0,0],[5,7,-3,0,4]],"order5_values":[358,-48],"fourier_exact":true,"spectral_3_5_exact":false,"sequence_sha256":"c76825a93ff27da7c536a513b0fe1b0b573adec426b8b06fa96ff59e1740deb0","residual":[4,4,4,-12,-12,8,4,0,-8,-8,8,0,-8,-8,0,4,4,-12,-8,8,4,4,0,-4,4,4,0,8,4,0,0,4,0,4,-4,0,4,-4,0,0,-8,-4,0,-4,4,12,0,4,0,8,-4,8,12,-4,0,-8,-4,0,-4,4,-4,-4,0,0,0,0,0,-4,0,0,0,0,4,0,0,-4,0,0,8,-4,-4,0,0],"sequences":[[-1,1,1,-1,-1,-1,1,-1,-1,1,-1,1,-1,1,1,-1,-1,-1,-1,1,-1,1,-1,-1,-1,-1,-1,1,1,-1,1,-1,-1,-1,1,-1,1,-1,1,-1,1,1,-1,-1,-1,-1,1,-1,-1,1,-1,1,1,1,-1,1,1,1,1,1,-1,-1,-1,-1,1,1,1,1,-1,1,-1,-1,-1,-1,1,1,-1,-1,-1,1,1,1,-1,-1],[-1,-1,-1,-1,1,-1,-1,1,1,1,-1,1,-1,1,-1,1,1,-1,1,1,1,-1,1,1,-1,-1,-1,1,1,-1,1,1,1,1,-1,-1,-1,-1,1,1,1,1,-1,-1,1,-1,1,1,-1,-1,1,-1,-1,1,-1,1,1,1,1,1,1,1,1,1,1,-1,1,-1,1,-1,-1,-1,-1,-1,1,-1,1,1,-1,-1,1,-1,1,1],[1,1,-1,1,-1,1,-1,-1,-1,-1,-1,1,1,-1,1,1,1,-1,1,1,-1,-1,1,1,-1,-1,-1,1,-1,-1,1,1,1,1,1,-1,-1,1,-1,-1,1,-1,1,1,1,-1,-1,1,1,1,1,1,-1,1,1,-1,-1,1,-1,-1,-1,-1,-1,1,1,-1,-1,-1,-1,-1,-1,1,-1,-1,1,1,1,1,-1,-1,1,-1,1],[1,1,-1,1,1,-1,1,1,1,1,-1,1,-1,-1,1,1,-1,-1,-1,-1,1,1,-1,1,1,-1,1,-1,-1,1,1,-1,1,1,1,1,1,1,-1,1,1,1,1,-1,1,-1,1,-1,1,1,1,-1,-1,-1,1,1,1,1,1,-1,1,1,1,-1,-1,-1,1,-1,-1,-1,1,1,-1,1,-1,-1,-1,-1,1,-1,1,-1,1]],"psd_grid_order":167,"psd_cap":334.0,"psd_max":309.1746582306796,"psd_max_by_sequence":[292.4917873124025,309.1746582306796,273.73793708706364,270.4299816375581],"psd_cap_violations":0,"psd_excess_l2":0.0}
